<?xml version="1.0" encoding="UTF-8"?>
<project-private xmlns="http://www.netbeans.org/ns/project-private/1">
    <editor-bookmarks xmlns="http://www.netbeans.org/ns/editor-bookmarks/2" lastBookmarkId="0"/>
    <open-files xmlns="http://www.netbeans.org/ns/projectui-open-files/2">
        <group>
            <file>file:/C:/Users/salas/Desktop/Banco/src/java/Modelo/Conexion.java</file>
            <file>file:/C:/Users/salas/Desktop/Banco/src/java/Modelo/usuarios.java</file>
            <file>file:/C:/Users/salas/Desktop/Banco/src/java/Controlador/Banco.java</file>
        </group>
    </open-files>
</project-private>
