<?xml version="1.0" encoding="UTF-8"?>
<project-private xmlns="http://www.netbeans.org/ns/project-private/1">
    <editor-bookmarks xmlns="http://www.netbeans.org/ns/editor-bookmarks/2" lastBookmarkId="0"/>
    <open-files xmlns="http://www.netbeans.org/ns/projectui-open-files/2">
        <group>
            <file>file:/C:/Users/electrovega/Documents/NetBeansProjects/Banco/web/Consignaciones.jsp</file>
            <file>file:/C:/Users/electrovega/Documents/NetBeansProjects/Banco/src/java/Controlador/ServletActualizar.java</file>
            <file>file:/C:/Users/electrovega/Documents/NetBeansProjects/Banco/web/Clientes.jsp</file>
            <file>file:/C:/Users/electrovega/Documents/NetBeansProjects/Banco/web/CuentasBancarias.jsp</file>
            <file>file:/C:/Users/electrovega/Documents/NetBeansProjects/Banco/web/Prestamos.jsp</file>
            <file>file:/C:/Users/electrovega/Documents/NetBeansProjects/Banco/src/java/Controlador/ServletConsignaciones.java</file>
            <file>file:/C:/Users/electrovega/Documents/NetBeansProjects/Banco/src/java/Controlador/ServletRetiros.java</file>
            <file>file:/C:/Users/electrovega/Documents/NetBeansProjects/Banco/web/Contenido.jsp</file>
            <file>file:/C:/Users/electrovega/Documents/NetBeansProjects/Banco/src/java/Modelo/Conectar.java</file>
            <file>file:/C:/Users/electrovega/Documents/NetBeansProjects/Banco/src/java/Controlador/ServletPrestamos.java</file>
            <file>file:/C:/Users/electrovega/Documents/NetBeansProjects/Banco/web/PagarPrestamo.jsp</file>
            <file>file:/C:/Users/electrovega/Documents/NetBeansProjects/Banco/src/java/Controlador/ServletPagarPrestamo.java</file>
            <file>file:/C:/Users/electrovega/Documents/NetBeansProjects/Banco/src/java/Controlador/ServletClientes.java</file>
            <file>file:/C:/Users/electrovega/Documents/NetBeansProjects/Banco/web/DesactivarCuenta.jsp</file>
            <file>file:/C:/Users/electrovega/Documents/NetBeansProjects/Banco/web/index.jsp</file>
            <file>file:/C:/Users/electrovega/Documents/NetBeansProjects/Banco/web/Retiros.jsp</file>
            <file>file:/C:/Users/electrovega/Documents/NetBeansProjects/Banco/src/java/Controlador/ServletDesactivarCuenta.java</file>
            <file>file:/C:/Users/electrovega/Documents/NetBeansProjects/Banco/web/ActualizarCuenta.jsp</file>
        </group>
    </open-files>
</project-private>
